{"CB8-G3": {"standard_state_correction": -0.8435682077930332, "n_energy_evaluations": [332740000.0, 665480000.0, 998220000.0, 1330960000.0, 1663700000.0, 1996440000.0, 2329180000.0, 2661920000.0, 2994660000.0, 3327400000.0], "complex": {"forward_f": [86.82, 86.38, 86.19, 86.12, 86.1, 86.15, 86.12, 86.07, 85.99, 86.03], "reverse_f": [85.59, 85.7, 85.77, 85.84, 85.89, 85.82, 85.94, 85.94, 85.88, 85.98], "forward_df": [0.18, 0.12003112645417378, 0.09346392940122006, 0.0776267293098015, 0.06681889555651126, 0.05884088411653865, 0.05264037723290668, 0.047642292536888384, 0.04350230574640199, 0.039999999999999994], "reverse_df": [0.19, 0.12574763548661477, 0.0972827815013072, 0.08031435283193017, 0.06873453095340493, 0.06018666155343428, 0.05354326132097146, 0.04818817057523756, 0.04375247044257357, 0.040000000000000015]}, "solvent": {"forward_f": [74.33999999999999, 74.25999999999999, 74.19, 74.22, 74.19999999999999, 74.19999999999999, 74.19, 74.22999999999999, 74.24, 74.22], "reverse_f": [74.1, 74.28999999999999, 74.22999999999999, 74.24, 74.27, 74.19, 74.24, 74.21, 74.19999999999999, 74.19999999999999], "forward_df": [0.15, 0.10716509032440984, 0.08818852100087148, 0.07687623522128678, 0.06915635396893662, 0.0634577743689562, 0.05902884088064763, 0.0554587803834917, 0.05250164696171571, 0.05], "reverse_df": [0.15, 0.10288159935685082, 0.08200737310095861, 0.06956385874341546, 0.061071989365830276, 0.054803551805851794, 0.04993172496871239, 0.04600465842184087, 0.04275181165788728, 0.04]}}, "OA-G6": {"standard_state_correction": -0.3433888958931357, "n_energy_evaluations": [261508000.0, 523016000.0, 784524000.0, 1046032000.0, 1307540000.0, 1569048000.0, 1830556000.0, 2092064000.0, 2353572000.0, 2615080000.0], "complex": {"forward_f": [189.77, 189.67, 189.68, 189.7, 189.61, 189.71, 189.7, 189.74, 189.72, 189.73], "reverse_f": [189.56, 189.67, 189.72, 189.75, 189.74, 189.73, 189.71, 189.72, 189.75, 189.74], "forward_df": [0.17, 0.12288159935685083, 0.10200737310095861, 0.08956385874341546, 0.08107198936583027, 0.0748035518058518, 0.06993172496871239, 0.06600465842184086, 0.06275181165788728, 0.06], "reverse_df": [0.17, 0.12288159935685083, 0.10200737310095861, 0.08956385874341546, 0.08107198936583027, 0.0748035518058518, 0.06993172496871239, 0.06600465842184086, 0.06275181165788728, 0.06]}, "solvent": {"forward_f": [182.175, 182.21, 182.24, 182.27, 182.18, 182.17000000000002, 182.22, 182.185, 182.19, 182.23000000000002], "reverse_f": [182.22, 182.29000000000002, 182.22500000000002, 182.23000000000002, 182.22, 182.15, 182.18, 182.20000000000002, 182.22500000000002, 182.22], "forward_df": [0.16000000000000003, 0.10859810838929183, 0.08582622520104578, 0.07225148226554416, 0.06298762476272396, 0.056149329242747424, 0.05083460905677716, 0.04655053646019005, 0.04300197635405886, 0.04000000000000001], "reverse_df": [0.16000000000000003, 0.10859810838929183, 0.08582622520104578, 0.07225148226554416, 0.06298762476272396, 0.056149329242747424, 0.05083460905677716, 0.04655053646019005, 0.04300197635405886, 0.04000000000000001]}}}